﻿<?xml version="1.0" encoding="utf-8" ?>
<Entity Name="ChangeLog">
  <DomainModel SubFolder ="$safeprojectname$" Project="$saferootprojectname$.Domain.MasterDataModule" InterfacesProject="$saferootprojectname$.Domain.Core" />
  <DomainFactory SubFolder ="Factories" Project="$saferootprojectname$.Domain.MasterDataModule" />
  <DomainMapper SubFolder ="DomainMapper" Project="$saferootprojectname$.Domain.MasterDataModule" />
  <DaoMapper SubFolder ="DaoMapper" Project="$saferootprojectname$.Domain.MasterDataModule" />
  <Repositoriy SubFolder ="$safeprojectname$" Project="$saferootprojectname$.Domain.Core" />
  <Attributes>
    <Attribute Name="ObjectId" Type="Guid" IsNullable="True" />
    <Attribute Name="OldValue" Type="String" Length="200" IsNullable="True" />
    <Attribute Name="NewValue" Type="String" Length="200" IsNullable="True" />
    <Attribute Name="Property" Type="String" Length="200" IsNullable="False" />
  </Attributes>
</Entity>