﻿<?xml version="1.0" encoding="utf-8" ?>
<Entity Name="DomainObject">
  <DomainModel SubFolder="$safeprojectname$" Project="$saferootprojectname$.Domain.MasterDataModule" InterfacesProject="$saferootprojectname$.Domain.Core" />
  <DomainFactory SubFolder="Factories" Project="$saferootprojectname$.Domain.MasterDataModule" />
  <DomainMapper SubFolder="DomainMapper" Project="$saferootprojectname$.Domain.MasterDataModule" />
  <DaoMapper SubFolder="DaoMapper" Project="$saferootprojectname$.Domain.MasterDataModule" />
  <Repositoriy SubFolder ="$safeprojectname$" Project="$saferootprojectname$.Domain.Core" />
  <Attributes>
    <Attribute Name="Type" Type="String" Length="200" IsNullable="False" />
    <Attribute Name="Assembly" Type="String" Length="100" IsNullable="False" />
    <Attribute Name="EntityType" Type="String" Length="200" IsNullable="True" />
    <Attribute Name="EntityAssembly" Type="String" Length="100" IsNullable="False" />
    <Attribute Name="DisplayName" Type="String" Length="100" IsNullable="True" />
  </Attributes>
</Entity>