﻿<?xml version="1.0" encoding="utf-8" ?>
<Entity Name="Resource">
  <Model Project="$saferootprojectname$.ClientModule.Resource" ModelSubFolder ="Models" FactorySubFolder="ModelFactories" />
  <DomainModel SubFolder ="$safeprojectname$" Project="$saferootprojectname$.Domain.ResourceModule" InterfacesProject="$saferootprojectname$.Domain" />
  <DomainFactory SubFolder ="Factories" Project="$saferootprojectname$.Domain.ResourceModule" />
  <DomainMapper SubFolder ="DomainMapper" Project="$saferootprojectname$.Domain.ResourceModule" />
  <DaoMapper SubFolder ="DaoMapper" Project="$saferootprojectname$.Domain.ResourceModule" />
  <Repositoriy SubFolder ="$safeprojectname$" Project="$saferootprojectname$.Repository" />
  <Attributes>
    <Attribute Name="Key" Type="String" Length="30" IsNullable="False" />
    <Attribute Name="Language" Type="String" Length="5" IsNullable="False" />
    <Attribute Name="Description" Type="String" Length="255" />
    <Attribute Name="Translation" Type="String" Length="100" />
  </Attributes>
</Entity>