﻿<?xml version="1.0" encoding="utf-8" ?>
<Entity Name="Right">
  <Model Project="$saferootprojectname$.ClientModule.User" ModelSubFolder ="Models" FactorySubFolder="ModelFactories" />
  <DomainModel SubFolder ="$safeprojectname$" Project="$saferootprojectname$.Domain.UserModule" InterfacesProject="$saferootprojectname$.Domain" />
  <DomainFactory SubFolder ="Factories" Project="$saferootprojectname$.Domain.UserModule" />
  <DomainMapper SubFolder ="DomainMapper" Project="$saferootprojectname$.Domain.UserModule" />
  <DaoMapper SubFolder ="DaoMapper" Project="$saferootprojectname$.Domain.UserModule" />
  <Repositoriy SubFolder ="$safeprojectname$" Project="$saferootprojectname$.Repository" />
  <Attributes>
    <Attribute Name="Name" Type="String" Length="100" IsNullable="False" />
    <Attribute Name="Description" Type="String" Length="100" />
    <Attribute Name="Claim" Type="String" Length="100" IsNullable="False" />
    <Attribute Name="Resource" Type="String" Length="100" IsNullable="False" />
  </Attributes>
</Entity>